id,name,price,stock,category_id,store_id,description,slug,rating_avg,total_sold,is_active
019f3fc7-1ebd-74f6-9d9d-5b779e5b6b41,Fresh Organic Spinach 500g,8500.00,120,019f3fc7-1be0-7aac-9724-6d67fa2c3dbd,019f3fc6-f0ed-7bea-8d7f-11e59247a8b4,Fresh organic spinach harvested in the morning; rich in iron and vitamins.,fresh-organic-spinach-500g,4.8,145,true
019f3fc7-219a-7a5d-8a26-cad7bd34938d,Organic Cherry Tomatoes 250g,12000.00,80,019f3fc7-1be0-7aac-9724-6d67fa2c3dbd,019f3fc6-f0ed-7bea-8d7f-11e59247a8b4,"Sweet and juicy organic cherry tomatoes, hand-picked at peak ripeness.",organic-cherry-tomatoes-250g,4.7,98,true
019f3fc7-2477-7914-adb4-f2f9e3ba8b77,Organic Broccoli 500g,15000.00,60,019f3fc7-1be0-7aac-9724-6d67fa2c3dbd,019f3fc6-f0ed-7bea-8d7f-11e59247a8b4,"Crisp organic broccoli grown without synthetic pesticides, perfect for stir-fry.",organic-broccoli-500g,4.6,72,true
019f3fc7-2754-75b7-b868-86f58ddb8d9f,Organic Green Apple 1kg,28000.00,45,019f3fc7-106c-78d3-a4de-e78c0464150d,019f3fc6-f0ed-7bea-8d7f-11e59247a8b4,"Crisp and tangy organic green apples, naturally grown in highland orchards.",organic-green-apple-1kg,4.9,130,true
019f3fc7-2a31-710d-8cfb-3179190c30c8,Organic Kale 300g,13500.00,0,019f3fc7-1be0-7aac-9724-6d67fa2c3dbd,019f3fc6-f0ed-7bea-8d7f-11e59247a8b4,"Nutrient-dense organic kale, great for smoothies and salads. Currently out of stock.",organic-kale-300g,4.5,40,false
019f3fc7-2d0e-78eb-a3c7-b1da483066c5,Sweet California Papaya 1kg,14000.00,55,019f3fc7-1626-7cf2-ae92-83ba6a0bd723,019f3fc6-f3ca-7882-9340-5ba4f10ae558,"Sweet and soft papaya, rich in vitamin A and perfect as a refreshing snack.",sweet-california-papaya-1kg,4.5,88,true
019f3fc7-2feb-7bda-a32b-4025a480151d,Fresh Lettuce Head 400g,7000.00,95,019f3fc7-1626-7cf2-ae92-83ba6a0bd723,019f3fc6-f3ca-7882-9340-5ba4f10ae558,"Crisp and crunchy lettuce, ideal for salads and sandwiches.",fresh-lettuce-head-400g,4.6,110,true
019f3fc7-32c8-766d-bd88-67b39a508061,Fresh Carrots 1kg,9500.00,150,019f3fc7-1903-717b-b2e3-52ab8dc21eaa,019f3fc6-f3ca-7882-9340-5ba4f10ae558,"Sweet and crunchy carrots, harvested fresh from the highland fields.",fresh-carrots-1kg,4.7,165,true
019f3fc7-35a5-706b-8cc0-9ada38396f30,Red Cabbage 500g,8000.00,70,019f3fc7-04f8-7fac-881c-4d069df2cd6e,019f3fc6-f3ca-7882-9340-5ba4f10ae558,"Vibrant and crunchy red cabbage, great for salads and pickling.",red-cabbage-500g,4.4,54,true
019f3fc7-3882-7eab-b9b2-a3eb33059223,Fresh Cucumber 500g,6500.00,110,019f3fc7-04f8-7fac-881c-4d069df2cd6e,019f3fc6-f3ca-7882-9340-5ba4f10ae558,"Cool and crisp cucumbers, perfect for salads and pickles.",fresh-cucumber-500g,4.5,99,true
019f3fc7-3b5f-7143-8f73-4202813edb4e,Premium White Rice 5kg,68000.00,200,019f3fc7-07d5-7cd6-91bf-4998dd168342,019f3fc6-f6a7-7a53-8965-c0c5341a88d3,"Premium quality white rice grown in fertile paddy fields, soft and fragrant when cooked.",premium-white-rice-5kg,4.8,320,true
019f3fc7-3e3c-7d74-8c72-e254fc50fab9,Organic Brown Rice 5kg,82000.00,130,019f3fc7-07d5-7cd6-91bf-4998dd168342,019f3fc6-f6a7-7a53-8965-c0c5341a88d3,"Wholesome organic brown rice, minimally processed to retain natural nutrients.",organic-brown-rice-5kg,4.7,210,true
019f3fc7-4119-7733-837f-dda3bc79673f,Red Rice 2kg,45000.00,90,019f3fc7-07d5-7cd6-91bf-4998dd168342,019f3fc6-f6a7-7a53-8965-c0c5341a88d3,Nutty-flavored red rice packed with fiber and antioxidants.,red-rice-2kg,4.6,76,true
019f3fc7-43f6-79f2-bd9c-20ace5071553,Glutinous Rice 2kg,38000.00,85,019f3fc7-07d5-7cd6-91bf-4998dd168342,019f3fc6-f6a7-7a53-8965-c0c5341a88d3,"Sticky glutinous rice, perfect for traditional desserts and dishes.",glutinous-rice-2kg,4.5,60,true
019f3fc7-46d3-7a9f-9112-221661990274,Yellow Corn Kernels 1kg,18000.00,100,019f3fc7-07d5-7cd6-91bf-4998dd168342,019f3fc6-f6a7-7a53-8965-c0c5341a88d3,"Sweet dried corn kernels, sun-dried for a rich natural flavor.",yellow-corn-kernels-1kg,4.4,42,true
019f3fc7-49b0-7ec8-bc1d-91b1904a6ef4,Fresh Turmeric 250g,9000.00,75,019f3fc7-0ab2-7093-9b76-296985717e08,019f3fc6-f984-7f8c-bc04-512791dff2a3,"Aromatic fresh turmeric root, rich in curcumin and great for cooking or health tonics.",fresh-turmeric-250g,4.7,95,true
019f3fc7-4c8d-7da7-9c44-50a757b1e105,Fresh Ginger 250g,8500.00,90,019f3fc7-0ab2-7093-9b76-296985717e08,019f3fc6-f984-7f8c-bc04-512791dff2a3,"Spicy and fragrant fresh ginger root, perfect for cooking and herbal drinks.",fresh-ginger-250g,4.6,102,true
019f3fc7-4f6a-796a-b769-d1102a30d097,Red Chili Pepper 250g,11000.00,60,019f3fc7-0ab2-7093-9b76-296985717e08,019f3fc6-f984-7f8c-bc04-512791dff2a3,"Fiery fresh red chili peppers, picked at peak spiciness.",red-chili-pepper-250g,4.5,88,true
019f3fc7-5247-7de1-89d9-7df7e2761614,Fresh Lemongrass 200g,6000.00,65,019f3fc7-0ab2-7093-9b76-296985717e08,019f3fc6-f984-7f8c-bc04-512791dff2a3,"Fragrant lemongrass stalks, ideal for soups, teas, and marinades.",fresh-lemongrass-200g,4.6,54,true
019f3fc7-5524-7c08-bcfc-5203620cea41,Bay Leaves 100g,5000.00,50,019f3fc7-0ab2-7093-9b76-296985717e08,019f3fc6-f984-7f8c-bc04-512791dff2a3,"Dried aromatic bay leaves, a staple for traditional Indonesian cooking.",bay-leaves-100g,4.3,30,true
019f3fc7-5801-78e3-aded-b3ccf1a0128c,Balinese Mangosteen 1kg,32000.00,40,019f3fc7-1349-7b3b-971e-393a41336fa3,019f3fc6-fc61-783a-901a-ecf05b66a58e,"Juicy and sweet mangosteen, known as the queen of tropical fruits.",balinese-mangosteen-1kg,4.8,76,true
019f3fc7-5ade-7cc3-8014-52057c00186c,Fresh Dragon Fruit 1kg,25000.00,55,019f3fc7-1349-7b3b-971e-393a41336fa3,019f3fc6-fc61-783a-901a-ecf05b66a58e,Vibrant pink dragon fruit with a mildly sweet taste and crunchy seeds.,fresh-dragon-fruit-1kg,4.6,68,true
019f3fc7-5dbb-74bd-9c58-6b08fe886cfa,Sweet Rambutan 1kg,22000.00,48,019f3fc7-1349-7b3b-971e-393a41336fa3,019f3fc6-fc61-783a-901a-ecf05b66a58e,"Sweet and juicy rambutan, harvested fresh from Balinese orchards.",sweet-rambutan-1kg,4.7,59,true
019f3fc7-6098-7f9e-9867-9e9d2622de7c,Golden Pineapple 1pc,18000.00,35,019f3fc7-021b-7ed4-86b0-1d06079b6b22,019f3fc6-fc61-783a-901a-ecf05b66a58e,"Sweet and tangy golden pineapple, perfect for fresh juice or desserts.",golden-pineapple-1pc,4.5,47,true
019f3fc7-6375-7738-bbf8-ab3e16ef5bda,Salak (Snake Fruit) 500g,15000.00,30,019f3fc7-1349-7b3b-971e-393a41336fa3,019f3fc6-fc61-783a-901a-ecf05b66a58e,Unique sweet and tangy snake fruit with a crisp texture.,salak-snake-fruit-500g,4.4,33,true
019f3fc7-6652-7c97-b6b5-b2be23ec4f29,Fresh Sweet Potato 1kg,10000.00,100,019f3fc7-0d8f-764f-92b1-b489d02be2fb,019f3fc6-ff3e-7b4d-ae2c-e73b0595290d,"Naturally sweet potatoes, great for roasting, boiling, or frying.",fresh-sweet-potato-1kg,4.6,91,true
019f3fc7-692f-7d2e-b9d5-cab0b5a6bc88,Purple Yam (Ubi Ungu) 1kg,12000.00,80,019f3fc7-0d8f-764f-92b1-b489d02be2fb,019f3fc6-ff3e-7b4d-ae2c-e73b0595290d,"Vibrant purple yam with a naturally sweet, earthy flavor.",purple-yam-ubi-ungu-1kg,4.5,64,true
019f3fc7-6c0c-7acb-9d68-d2096256a282,Fresh Cassava 1kg,7000.00,120,019f3fc7-0d8f-764f-92b1-b489d02be2fb,019f3fc6-ff3e-7b4d-ae2c-e73b0595290d,"Fresh cassava root, a versatile staple for traditional dishes and snacks.",fresh-cassava-1kg,4.4,70,true
019f3fc7-6ee9-7788-a84a-b0f570af6c08,Taro Root 1kg,13000.00,65,019f3fc7-0d8f-764f-92b1-b489d02be2fb,019f3fc6-ff3e-7b4d-ae2c-e73b0595290d,"Creamy and starchy taro root, perfect for soups and desserts.",taro-root-1kg,4.5,48,true
019f3fc7-71c6-7356-a09f-7929597931c5,Fresh Potato 1kg,9500.00,140,019f3fc7-0d8f-764f-92b1-b489d02be2fb,019f3fc6-ff3e-7b4d-ae2c-e73b0595290d,"All-purpose fresh potatoes, ideal for frying, mashing, or roasting.",fresh-potato-1kg,4.7,112,true
